Crop_Eng,SCOR,Rank
Soybean,0.32900059642662655,1
Wheat,0.3314241630578534,2
Barley,0.3465456525685242,3
Potato,0.3536083810906828,4
Maize,0.3560428389907424,5
Sunflower,0.36592692477245026,6
